i,t,x
1,1,1
1,2,1
1,3,1
1,4,1
1,5,1
1,6,1
1,7,1
1,8,1
1,9,1
1,10,1
1,11,1
1,12,1
1,13,1
1,14,1
1,15,1
1,16,1
1,17,1
1,18,1
1,19,1
1,20,1
1,21,1
1,22,1
1,23,1
1,24,1
2,1,1
2,2,1
2,3,1
2,4,1
2,5,1
2,6,1
2,7,1
2,8,1
2,9,1
2,10,1
2,11,1
2,12,1
2,13,1
2,14,1
2,15,1
2,16,1
2,17,1
2,18,1
2,19,1
2,20,1
2,21,1
2,22,1
2,23,1
2,24,1
3,1,1
3,2,1
3,3,1
3,4,1
3,5,1
3,6,1
3,7,1
3,8,1
3,9,1
3,10,1
3,11,1
3,12,1
3,13,1
3,14,1
3,15,1
3,16,1
3,17,1
3,18,1
3,19,1
3,20,1
3,21,1
3,22,1
3,23,1
3,24,1
4,1,1
4,2,1
4,3,1
4,4,1
4,5,1
4,6,1
4,7,1
4,8,1
4,9,1
4,10,1
4,11,1
4,12,1
4,13,1
4,14,1
4,15,1
4,16,1
4,17,1
4,18,1
4,19,1
4,20,1
4,21,1
4,22,1
4,23,1
4,24,1
5,1,1
5,2,1
5,3,1
5,4,1
5,5,1
5,6,1
5,7,1
5,8,1
5,9,1
5,10,0
5,11,0
5,12,0
5,13,0
5,14,0
5,15,0
5,16,0
5,17,0
5,18,1
5,19,1
5,20,1
5,21,1
5,22,1
5,23,1
5,24,1
6,1,1
6,2,1
6,3,1
6,4,1
6,5,1
6,6,1
6,7,1
6,8,1
6,9,1
6,10,1
6,11,1
6,12,1
6,13,1
6,14,1
6,15,1
6,16,1
6,17,1
6,18,1
6,19,1
6,20,1
6,21,1
6,22,1
6,23,1
6,24,1
7,1,1
7,2,1
7,3,1
7,4,1
7,5,1
7,6,1
7,7,1
7,8,1
7,9,0
7,10,0
7,11,0
7,12,0
7,13,0
7,14,0
7,15,0
7,16,0
7,17,0
7,18,1
7,19,1
7,20,1
7,21,1
7,22,1
7,23,1
7,24,1
8,1,1
8,2,1
8,3,1
8,4,1
8,5,1
8,6,1
8,7,1
8,8,1
8,9,0
8,10,0
8,11,0
8,12,0
8,13,0
8,14,0
8,15,0
8,16,0
8,17,0
8,18,1
8,19,1
8,20,1
8,21,1
8,22,1
8,23,1
8,24,1
9,1,1
9,2,1
9,3,1
9,4,1
9,5,1
9,6,1
9,7,1
9,8,1
9,9,0
9,10,0
9,11,0
9,12,0
9,13,0
9,14,0
9,15,0
9,16,0
9,17,0
9,18,0
9,19,0
9,20,0
9,21,0
9,22,0
9,23,0
9,24,0
10,1,1
10,2,1
10,3,1
10,4,1
10,5,1
10,6,1
10,7,1
10,8,0
10,9,0
10,10,0
10,11,0
10,12,0
10,13,0
10,14,0
10,15,0
10,16,0
10,17,0
10,18,0
10,19,0
10,20,0
10,21,0
10,22,0
10,23,0
10,24,0
11,1,1
11,2,1
11,3,1
11,4,1
11,5,1
11,6,1
11,7,1
11,8,1
11,9,1
11,10,1
11,11,1
11,12,1
11,13,1
11,14,1
11,15,1
11,16,1
11,17,1
11,18,1
11,19,1
11,20,1
11,21,1
11,22,1
11,23,1
11,24,1
12,1,1
12,2,1
12,3,1
12,4,1
12,5,1
12,6,1
12,7,0
12,8,0
12,9,0
12,10,0
12,11,0
12,12,0
12,13,0
12,14,0
12,15,0
12,16,0
12,17,0
12,18,0
12,19,0
12,20,0
12,21,0
12,22,0
12,23,0
12,24,0
13,1,1
13,2,1
13,3,1
13,4,1
13,5,1
13,6,1
13,7,1
13,8,1
13,9,0
13,10,0
13,11,0
13,12,0
13,13,0
13,14,0
13,15,0
13,16,0
13,17,0
13,18,0
13,19,0
13,20,0
13,21,0
13,22,0
13,23,0
13,24,0
14,1,0
14,2,0
14,3,0
14,4,0
14,5,0
14,6,0
14,7,0
14,8,0
14,9,0
14,10,0
14,11,0
14,12,0
14,13,0
14,14,0
14,15,0
14,16,0
14,17,0
14,18,0
14,19,0
14,20,0
14,21,0
14,22,0
14,23,0
14,24,0
15,1,1
15,2,1
15,3,1
15,4,1
15,5,1
15,6,1
15,7,0
15,8,0
15,9,0
15,10,0
15,11,0
15,12,0
15,13,0
15,14,0
15,15,0
15,16,0
15,17,0
15,18,0
15,19,0
15,20,0
15,21,0
15,22,0
15,23,0
15,24,0
16,1,0
16,2,0
16,3,0
16,4,0
16,5,0
16,6,0
16,7,0
16,8,0
16,9,0
16,10,0
16,11,0
16,12,0
16,13,0
16,14,0
16,15,0
16,16,0
16,17,0
16,18,0
16,19,0
16,20,0
16,21,0
16,22,0
16,23,0
16,24,0
17,1,1
17,2,1
17,3,1
17,4,1
17,5,1
17,6,1
17,7,0
17,8,0
17,9,0
17,10,0
17,11,0
17,12,0
17,13,0
17,14,0
17,15,0
17,16,0
17,17,0
17,18,0
17,19,0
17,20,0
17,21,0
17,22,0
17,23,0
17,24,0
18,1,0
18,2,0
18,3,0
18,4,0
18,5,0
18,6,0
18,7,0
18,8,0
18,9,0
18,10,0
18,11,0
18,12,0
18,13,0
18,14,0
18,15,0
18,16,0
18,17,0
18,18,0
18,19,0
18,20,0
18,21,0
18,22,0
18,23,0
18,24,0
19,1,1
19,2,1
19,3,1
19,4,1
19,5,1
19,6,1
19,7,1
19,8,1
19,9,1
19,10,1
19,11,0
19,12,0
19,13,0
19,14,0
19,15,0
19,16,0
19,17,0
19,18,0
19,19,0
19,20,1
19,21,1
19,22,1
19,23,1
19,24,0
20,1,1
20,2,1
20,3,1
20,4,1
20,5,1
20,6,1
20,7,1
20,8,1
20,9,0
20,10,0
20,11,0
20,12,0
20,13,0
20,14,0
20,15,0
20,16,0
20,17,0
20,18,0
20,19,0
20,20,0
20,21,0
20,22,0
20,23,0
20,24,0
21,1,0
21,2,0
21,3,0
21,4,0
21,5,0
21,6,0
21,7,0
21,8,0
21,9,0
21,10,0
21,11,0
21,12,0
21,13,0
21,14,0
21,15,0
21,16,0
21,17,0
21,18,0
21,19,0
21,20,0
21,21,0
21,22,0
21,23,0
21,24,0
22,1,1
22,2,1
22,3,1
22,4,1
22,5,1
22,6,1
22,7,1
22,8,1
22,9,0
22,10,0
22,11,0
22,12,0
22,13,0
22,14,0
22,15,0
22,16,0
22,17,0
22,18,0
22,19,0
22,20,0
22,21,0
22,22,0
22,23,0
22,24,0
23,1,1
23,2,1
23,3,1
23,4,1
23,5,1
23,6,1
23,7,1
23,8,1
23,9,1
23,10,0
23,11,0
23,12,0
23,13,0
23,14,0
23,15,0
23,16,0
23,17,0
23,18,0
23,19,0
23,20,0
23,21,0
23,22,0
23,23,0
23,24,0
24,1,1
24,2,1
24,3,1
24,4,1
24,5,1
24,6,1
24,7,1
24,8,1
24,9,0
24,10,0
24,11,0
24,12,0
24,13,0
24,14,0
24,15,0
24,16,0
24,17,0
24,18,0
24,19,0
24,20,0
24,21,0
24,22,0
24,23,0
24,24,0
25,1,0
25,2,0
25,3,0
25,4,0
25,5,0
25,6,0
25,7,0
25,8,0
25,9,0
25,10,0
25,11,0
25,12,0
25,13,0
25,14,0
25,15,0
25,16,0
25,17,0
25,18,0
25,19,0
25,20,0
25,21,0
25,22,0
25,23,0
25,24,0
26,1,0
26,2,0
26,3,0
26,4,0
26,5,0
26,6,0
26,7,0
26,8,0
26,9,0
26,10,0
26,11,0
26,12,0
26,13,0
26,14,0
26,15,0
26,16,0
26,17,0
26,18,0
26,19,0
26,20,0
26,21,0
26,22,0
26,23,0
26,24,0
27,1,0
27,2,0
27,3,0
27,4,0
27,5,0
27,6,0
27,7,0
27,8,0
27,9,0
27,10,0
27,11,0
27,12,0
27,13,0
27,14,0
27,15,0
27,16,0
27,17,0
27,18,0
27,19,0
27,20,0
27,21,0
27,22,0
27,23,0
27,24,0
28,1,0
28,2,0
28,3,0
28,4,0
28,5,0
28,6,0
28,7,0
28,8,0
28,9,0
28,10,0
28,11,0
28,12,0
28,13,0
28,14,0
28,15,0
28,16,0
28,17,0
28,18,0
28,19,0
28,20,0
28,21,0
28,22,0
28,23,0
28,24,0
29,1,0
29,2,0
29,3,0
29,4,0
29,5,0
29,6,0
29,7,0
29,8,0
29,9,0
29,10,0
29,11,0
29,12,0
29,13,0
29,14,0
29,15,0
29,16,0
29,17,0
29,18,0
29,19,0
29,20,0
29,21,0
29,22,0
29,23,0
29,24,0
30,1,0
30,2,0
30,3,0
30,4,0
30,5,0
30,6,0
30,7,0
30,8,0
30,9,0
30,10,0
30,11,0
30,12,0
30,13,0
30,14,0
30,15,0
30,16,0
30,17,0
30,18,0
30,19,0
30,20,0
30,21,0
30,22,0
30,23,0
30,24,0
31,1,0
31,2,1
31,3,0
31,4,0
31,5,0
31,6,0
31,7,0
31,8,0
31,9,0
31,10,0
31,11,0
31,12,0
31,13,0
31,14,0
31,15,0
31,16,0
31,17,0
31,18,0
31,19,0
31,20,0
31,21,0
31,22,0
31,23,0
31,24,0
32,1,0
32,2,0
32,3,0
32,4,0
32,5,0
32,6,0
32,7,0
32,8,0
32,9,0
32,10,0
32,11,0
32,12,0
32,13,0
32,14,0
32,15,0
32,16,0
32,17,0
32,18,0
32,19,0
32,20,0
32,21,0
32,22,0
32,23,0
32,24,0
33,1,0
33,2,0
33,3,0
33,4,0
33,5,0
33,6,0
33,7,0
33,8,0
33,9,0
33,10,0
33,11,0
33,12,0
33,13,0
33,14,0
33,15,0
33,16,0
33,17,0
33,18,0
33,19,0
33,20,0
33,21,0
33,22,0
33,23,0
33,24,0
34,1,0
34,2,0
34,3,0
34,4,0
34,5,0
34,6,0
34,7,0
34,8,0
34,9,0
34,10,0
34,11,0
34,12,0
34,13,0
34,14,0
34,15,0
34,16,0
34,17,0
34,18,0
34,19,0
34,20,0
34,21,0
34,22,0
34,23,0
34,24,0
35,1,0
35,2,0
35,3,0
35,4,0
35,5,0
35,6,0
35,7,0
35,8,0
35,9,0
35,10,0
35,11,0
35,12,0
35,13,0
35,14,0
35,15,0
35,16,0
35,17,0
35,18,0
35,19,0
35,20,0
35,21,0
35,22,0
35,23,0
35,24,0
36,1,0
36,2,0
36,3,0
36,4,0
36,5,0
36,6,0
36,7,0
36,8,0
36,9,0
36,10,0
36,11,0
36,12,0
36,13,0
36,14,0
36,15,0
36,16,0
36,17,0
36,18,0
36,19,0
36,20,0
36,21,0
36,22,0
36,23,0
36,24,0
37,1,0
37,2,0
37,3,0
37,4,0
37,5,0
37,6,0
37,7,0
37,8,0
37,9,0
37,10,0
37,11,0
37,12,0
37,13,0
37,14,0
37,15,0
37,16,0
37,17,0
37,18,0
37,19,0
37,20,0
37,21,0
37,22,0
37,23,0
37,24,0
38,1,0
38,2,0
38,3,0
38,4,0
38,5,0
38,6,0
38,7,0
38,8,0
38,9,0
38,10,0
38,11,0
38,12,0
38,13,0
38,14,0
38,15,0
38,16,0
38,17,0
38,18,0
38,19,0
38,20,0
38,21,0
38,22,0
38,23,0
38,24,0
39,1,0
39,2,0
39,3,0
39,4,0
39,5,0
39,6,0
39,7,0
39,8,0
39,9,0
39,10,0
39,11,0
39,12,0
39,13,0
39,14,0
39,15,0
39,16,0
39,17,0
39,18,0
39,19,0
39,20,0
39,21,0
39,22,0
39,23,0
39,24,0
40,1,0
40,2,0
40,3,0
40,4,0
40,5,0
40,6,0
40,7,0
40,8,0
40,9,0
40,10,0
40,11,0
40,12,0
40,13,0
40,14,0
40,15,0
40,16,0
40,17,0
40,18,0
40,19,0
40,20,0
40,21,0
40,22,0
40,23,0
40,24,0
41,1,0
41,2,0
41,3,0
41,4,0
41,5,0
41,6,0
41,7,0
41,8,0
41,9,0
41,10,0
41,11,0
41,12,0
41,13,0
41,14,0
41,15,0
41,16,0
41,17,0
41,18,0
41,19,0
41,20,0
41,21,0
41,22,0
41,23,0
41,24,0
42,1,0
42,2,0
42,3,0
42,4,0
42,5,0
42,6,0
42,7,0
42,8,0
42,9,0
42,10,0
42,11,0
42,12,0
42,13,0
42,14,0
42,15,0
42,16,0
42,17,0
42,18,0
42,19,0
42,20,0
42,21,0
42,22,0
42,23,0
42,24,0
43,1,0
43,2,0
43,3,0
43,4,0
43,5,0
43,6,0
43,7,0
43,8,0
43,9,0
43,10,0
43,11,0
43,12,0
43,13,0
43,14,0
43,15,0
43,16,0
43,17,0
43,18,0
43,19,0
43,20,0
43,21,0
43,22,0
43,23,0
43,24,0
44,1,0
44,2,0
44,3,0
44,4,0
44,5,0
44,6,0
44,7,0
44,8,0
44,9,0
44,10,0
44,11,0
44,12,0
44,13,0
44,14,0
44,15,0
44,16,0
44,17,0
44,18,0
44,19,0
44,20,0
44,21,0
44,22,0
44,23,0
44,24,0
45,1,0
45,2,0
45,3,0
45,4,0
45,5,0
45,6,0
45,7,0
45,8,0
45,9,0
45,10,0
45,11,0
45,12,0
45,13,0
45,14,0
45,15,0
45,16,0
45,17,0
45,18,0
45,19,0
45,20,0
45,21,0
45,22,0
45,23,0
45,24,0
46,1,0
46,2,0
46,3,0
46,4,0
46,5,0
46,6,0
46,7,0
46,8,0
46,9,0
46,10,0
46,11,0
46,12,0
46,13,0
46,14,0
46,15,0
46,16,0
46,17,0
46,18,0
46,19,0
46,20,0
46,21,0
46,22,0
46,23,0
46,24,0
47,1,0
47,2,0
47,3,0
47,4,0
47,5,0
47,6,0
47,7,0
47,8,0
47,9,0
47,10,0
47,11,0
47,12,0
47,13,0
47,14,0
47,15,0
47,16,0
47,17,0
47,18,0
47,19,0
47,20,0
47,21,0
47,22,0
47,23,0
47,24,0
48,1,0
48,2,0
48,3,0
48,4,0
48,5,0
48,6,0
48,7,0
48,8,0
48,9,0
48,10,0
48,11,0
48,12,0
48,13,0
48,14,0
48,15,0
48,16,0
48,17,0
48,18,0
48,19,0
48,20,0
48,21,0
48,22,0
48,23,0
48,24,0
49,1,0
49,2,0
49,3,0
49,4,0
49,5,0
49,6,0
49,7,0
49,8,0
49,9,0
49,10,0
49,11,0
49,12,0
49,13,0
49,14,0
49,15,0
49,16,0
49,17,0
49,18,0
49,19,0
49,20,0
49,21,0
49,22,0
49,23,0
49,24,0
50,1,0
50,2,0
50,3,0
50,4,0
50,5,0
50,6,0
50,7,0
50,8,0
50,9,0
50,10,0
50,11,0
50,12,0
50,13,0
50,14,0
50,15,0
50,16,0
50,17,0
50,18,0
50,19,0
50,20,0
50,21,0
50,22,0
50,23,0
50,24,0
51,1,0
51,2,0
51,3,0
51,4,0
51,5,0
51,6,0
51,7,0
51,8,0
51,9,0
51,10,0
51,11,0
51,12,0
51,13,0
51,14,0
51,15,0
51,16,0
51,17,0
51,18,0
51,19,0
51,20,0
51,21,0
51,22,0
51,23,0
51,24,0
52,1,0
52,2,0
52,3,0
52,4,0
52,5,0
52,6,0
52,7,0
52,8,0
52,9,0
52,10,0
52,11,0
52,12,0
52,13,0
52,14,0
52,15,0
52,16,0
52,17,0
52,18,0
52,19,0
52,20,0
52,21,0
52,22,0
52,23,0
52,24,0
53,1,0
53,2,0
53,3,0
53,4,0
53,5,0
53,6,0
53,7,0
53,8,0
53,9,0
53,10,0
53,11,0
53,12,0
53,13,0
53,14,0
53,15,0
53,16,0
53,17,0
53,18,0
53,19,0
53,20,0
53,21,0
53,22,0
53,23,0
53,24,0
54,1,0
54,2,0
54,3,0
54,4,0
54,5,0
54,6,0
54,7,0
54,8,0
54,9,0
54,10,0
54,11,0
54,12,0
54,13,0
54,14,0
54,15,0
54,16,0
54,17,0
54,18,0
54,19,0
54,20,0
54,21,0
54,22,0
54,23,0
54,24,0
55,1,1
55,2,1
55,3,1
55,4,1
55,5,1
55,6,1
55,7,1
55,8,1
55,9,1
55,10,1
55,11,1
55,12,1
55,13,1
55,14,1
55,15,1
55,16,1
55,17,1
55,18,1
55,19,1
55,20,1
55,21,1
55,22,1
55,23,1
55,24,1
56,1,1
56,2,1
56,3,1
56,4,1
56,5,1
56,6,1
56,7,1
56,8,1
56,9,1
56,10,1
56,11,1
56,12,1
56,13,1
56,14,1
56,15,1
56,16,1
56,17,1
56,18,1
56,19,1
56,20,1
56,21,1
56,22,1
56,23,1
56,24,1
57,1,1
57,2,1
57,3,1
57,4,1
57,5,1
57,6,1
57,7,1
57,8,1
57,9,1
57,10,1
57,11,1
57,12,1
57,13,1
57,14,1
57,15,1
57,16,1
57,17,1
57,18,1
57,19,1
57,20,1
57,21,1
57,22,1
57,23,1
57,24,1
58,1,1
58,2,1
58,3,1
58,4,1
58,5,1
58,6,1
58,7,1
58,8,1
58,9,1
58,10,1
58,11,1
58,12,1
58,13,1
58,14,1
58,15,1
58,16,1
58,17,1
58,18,1
58,19,1
58,20,1
58,21,1
58,22,1
58,23,1
58,24,1
59,1,1
59,2,1
59,3,1
59,4,1
59,5,1
59,6,1
59,7,1
59,8,1
59,9,1
59,10,1
59,11,1
59,12,1
59,13,1
59,14,1
59,15,1
59,16,1
59,17,1
59,18,1
59,19,1
59,20,1
59,21,1
59,22,1
59,23,1
59,24,1
60,1,1
60,2,1
60,3,1
60,4,1
60,5,1
60,6,1
60,7,1
60,8,1
60,9,1
60,10,1
60,11,1
60,12,1
60,13,1
60,14,1
60,15,1
60,16,1
60,17,1
60,18,1
60,19,1
60,20,1
60,21,1
60,22,1
60,23,1
60,24,1
61,1,1
61,2,1
61,3,1
61,4,1
61,5,1
61,6,1
61,7,1
61,8,1
61,9,1
61,10,1
61,11,1
61,12,1
61,13,1
61,14,1
61,15,1
61,16,1
61,17,1
61,18,1
61,19,1
61,20,1
61,21,1
61,22,1
61,23,1
61,24,1
62,1,1
62,2,1
62,3,1
62,4,1
62,5,1
62,6,1
62,7,1
62,8,1
62,9,1
62,10,1
62,11,1
62,12,1
62,13,1
62,14,1
62,15,1
62,16,1
62,17,1
62,18,1
62,19,1
62,20,1
62,21,1
62,22,1
62,23,1
62,24,1
63,1,1
63,2,1
63,3,1
63,4,1
63,5,1
63,6,1
63,7,1
63,8,1
63,9,1
63,10,1
63,11,1
63,12,1
63,13,1
63,14,1
63,15,1
63,16,1
63,17,1
63,18,1
63,19,1
63,20,1
63,21,1
63,22,1
63,23,1
63,24,1
64,1,1
64,2,1
64,3,1
64,4,1
64,5,1
64,6,1
64,7,1
64,8,1
64,9,1
64,10,1
64,11,1
64,12,1
64,13,1
64,14,1
64,15,1
64,16,1
64,17,1
64,18,1
64,19,1
64,20,1
64,21,1
64,22,1
64,23,1
64,24,1
65,1,1
65,2,1
65,3,1
65,4,1
65,5,1
65,6,1
65,7,1
65,8,1
65,9,1
65,10,1
65,11,1
65,12,1
65,13,1
65,14,1
65,15,1
65,16,1
65,17,1
65,18,1
65,19,1
65,20,1
65,21,1
65,22,1
65,23,1
65,24,1
66,1,1
66,2,1
66,3,1
66,4,1
66,5,1
66,6,1
66,7,1
66,8,1
66,9,1
66,10,1
66,11,1
66,12,1
66,13,1
66,14,1
66,15,1
66,16,1
66,17,1
66,18,1
66,19,1
66,20,1
66,21,1
66,22,1
66,23,1
66,24,1
67,1,1
67,2,1
67,3,1
67,4,1
67,5,1
67,6,1
67,7,1
67,8,1
67,9,1
67,10,1
67,11,1
67,12,1
67,13,1
67,14,1
67,15,1
67,16,1
67,17,1
67,18,1
67,19,1
67,20,1
67,21,1
67,22,1
67,23,1
67,24,1
68,1,1
68,2,1
68,3,1
68,4,1
68,5,1
68,6,1
68,7,1
68,8,1
68,9,1
68,10,1
68,11,1
68,12,1
68,13,1
68,14,1
68,15,1
68,16,1
68,17,1
68,18,1
68,19,1
68,20,1
68,21,1
68,22,1
68,23,1
68,24,1
69,1,1
69,2,1
69,3,1
69,4,1
69,5,1
69,6,1
69,7,1
69,8,1
69,9,1
69,10,1
69,11,1
69,12,1
69,13,1
69,14,1
69,15,1
69,16,1
69,17,1
69,18,1
69,19,1
69,20,1
69,21,1
69,22,1
69,23,1
69,24,1
70,1,1
70,2,1
70,3,1
70,4,1
70,5,1
70,6,1
70,7,1
70,8,1
70,9,1
70,10,1
70,11,1
70,12,1
70,13,1
70,14,1
70,15,1
70,16,1
70,17,1
70,18,1
70,19,1
70,20,1
70,21,1
70,22,1
70,23,1
70,24,1
71,1,1
71,2,1
71,3,1
71,4,1
71,5,1
71,6,1
71,7,1
71,8,1
71,9,1
71,10,1
71,11,1
71,12,1
71,13,1
71,14,1
71,15,1
71,16,1
71,17,1
71,18,1
71,19,1
71,20,1
71,21,1
71,22,1
71,23,1
71,24,1
72,1,1
72,2,1
72,3,1
72,4,1
72,5,1
72,6,1
72,7,1
72,8,1
72,9,1
72,10,1
72,11,1
72,12,1
72,13,1
72,14,1
72,15,1
72,16,1
72,17,1
72,18,1
72,19,1
72,20,1
72,21,1
72,22,1
72,23,1
72,24,1
73,1,1
73,2,1
73,3,1
73,4,1
73,5,1
73,6,1
73,7,1
73,8,1
73,9,1
73,10,1
73,11,1
73,12,1
73,13,1
73,14,1
73,15,1
73,16,1
73,17,1
73,18,1
73,19,1
73,20,1
73,21,1
73,22,1
73,23,1
73,24,1
74,1,1
74,2,1
74,3,1
74,4,1
74,5,1
74,6,1
74,7,1
74,8,1
74,9,1
74,10,1
74,11,1
74,12,1
74,13,1
74,14,1
74,15,1
74,16,1
74,17,1
74,18,1
74,19,1
74,20,1
74,21,1
74,22,1
74,23,1
74,24,1
75,1,1
75,2,1
75,3,1
75,4,1
75,5,1
75,6,1
75,7,1
75,8,1
75,9,1
75,10,1
75,11,1
75,12,1
75,13,1
75,14,1
75,15,1
75,16,1
75,17,1
75,18,1
75,19,1
75,20,1
75,21,1
75,22,1
75,23,1
75,24,1
76,1,1
76,2,1
76,3,1
76,4,1
76,5,1
76,6,1
76,7,1
76,8,1
76,9,1
76,10,1
76,11,1
76,12,1
76,13,1
76,14,1
76,15,1
76,16,1
76,17,1
76,18,1
76,19,1
76,20,1
76,21,1
76,22,1
76,23,1
76,24,1
77,1,1
77,2,1
77,3,1
77,4,1
77,5,1
77,6,1
77,7,1
77,8,1
77,9,1
77,10,1
77,11,1
77,12,1
77,13,1
77,14,1
77,15,1
77,16,1
77,17,1
77,18,1
77,19,1
77,20,1
77,21,1
77,22,1
77,23,1
77,24,1
78,1,1
78,2,1
78,3,1
78,4,1
78,5,1
78,6,1
78,7,1
78,8,1
78,9,1
78,10,1
78,11,1
78,12,1
78,13,1
78,14,1
78,15,1
78,16,1
78,17,1
78,18,1
78,19,1
78,20,1
78,21,1
78,22,1
78,23,1
78,24,1
79,1,1
79,2,1
79,3,1
79,4,1
79,5,1
79,6,1
79,7,1
79,8,1
79,9,1
79,10,1
79,11,1
79,12,1
79,13,1
79,14,1
79,15,1
79,16,1
79,17,1
79,18,1
79,19,1
79,20,1
79,21,1
79,22,1
79,23,1
79,24,1
80,1,1
80,2,1
80,3,1
80,4,1
80,5,1
80,6,1
80,7,1
80,8,1
80,9,1
80,10,1
80,11,1
80,12,1
80,13,1
80,14,1
80,15,1
80,16,1
80,17,1
80,18,1
80,19,1
80,20,1
80,21,1
80,22,1
80,23,1
80,24,1
81,1,1
81,2,1
81,3,1
81,4,1
81,5,1
81,6,1
81,7,1
81,8,1
81,9,1
81,10,1
81,11,1
81,12,1
81,13,1
81,14,1
81,15,1
81,16,1
81,17,1
81,18,1
81,19,1
81,20,1
81,21,1
81,22,1
81,23,1
81,24,1
82,1,1
82,2,1
82,3,1
82,4,1
82,5,1
82,6,1
82,7,1
82,8,1
82,9,1
82,10,1
82,11,1
82,12,1
82,13,1
82,14,1
82,15,1
82,16,1
82,17,1
82,18,1
82,19,1
82,20,1
82,21,1
82,22,1
82,23,1
82,24,1
83,1,1
83,2,1
83,3,1
83,4,1
83,5,1
83,6,1
83,7,1
83,8,1
83,9,1
83,10,1
83,11,1
83,12,1
83,13,1
83,14,1
83,15,1
83,16,1
83,17,1
83,18,1
83,19,1
83,20,1
83,21,1
83,22,1
83,23,1
83,24,1
84,1,1
84,2,1
84,3,1
84,4,1
84,5,1
84,6,1
84,7,1
84,8,1
84,9,1
84,10,1
84,11,1
84,12,1
84,13,1
84,14,1
84,15,1
84,16,1
84,17,1
84,18,1
84,19,1
84,20,1
84,21,1
84,22,1
84,23,1
84,24,1
85,1,1
85,2,1
85,3,1
85,4,1
85,5,1
85,6,1
85,7,1
85,8,0
85,9,1
85,10,1
85,11,1
85,12,1
85,13,1
85,14,1
85,15,1
85,16,1
85,17,1
85,18,1
85,19,1
85,20,1
85,21,1
85,22,1
85,23,1
85,24,1
86,1,1
86,2,1
86,3,1
86,4,1
86,5,1
86,6,1
86,7,1
86,8,1
86,9,1
86,10,1
86,11,1
86,12,1
86,13,1
86,14,1
86,15,1
86,16,1
86,17,1
86,18,1
86,19,1
86,20,1
86,21,1
86,22,1
86,23,1
86,24,1
87,1,1
87,2,1
87,3,1
87,4,1
87,5,1
87,6,1
87,7,1
87,8,1
87,9,1
87,10,1
87,11,1
87,12,1
87,13,1
87,14,1
87,15,1
87,16,1
87,17,1
87,18,1
87,19,1
87,20,1
87,21,1
87,22,1
87,23,1
87,24,1
88,1,1
88,2,1
88,3,1
88,4,1
88,5,1
88,6,1
88,7,1
88,8,1
88,9,1
88,10,1
88,11,1
88,12,1
88,13,1
88,14,1
88,15,1
88,16,1
88,17,1
88,18,1
88,19,1
88,20,1
88,21,1
88,22,1
88,23,1
88,24,1
89,1,1
89,2,1
89,3,1
89,4,1
89,5,1
89,6,1
89,7,1
89,8,1
89,9,1
89,10,1
89,11,1
89,12,1
89,13,1
89,14,1
89,15,1
89,16,1
89,17,1
89,18,1
89,19,1
89,20,1
89,21,1
89,22,1
89,23,1
89,24,1
90,1,1
90,2,1
90,3,1
90,4,1
90,5,1
90,6,1
90,7,1
90,8,1
90,9,1
90,10,1
90,11,1
90,12,1
90,13,1
90,14,1
90,15,1
90,16,1
90,17,1
90,18,1
90,19,1
90,20,1
90,21,1
90,22,1
90,23,1
90,24,1
91,1,1
91,2,1
91,3,1
91,4,1
91,5,1
91,6,1
91,7,1
91,8,1
91,9,1
91,10,1
91,11,1
91,12,1
91,13,1
91,14,1
91,15,1
91,16,1
91,17,1
91,18,1
91,19,1
91,20,1
91,21,1
91,22,1
91,23,1
91,24,1
92,1,1
92,2,1
92,3,1
92,4,1
92,5,1
92,6,1
92,7,1
92,8,1
92,9,1
92,10,1
92,11,1
92,12,1
92,13,1
92,14,1
92,15,1
92,16,1
92,17,1
92,18,1
92,19,1
92,20,1
92,21,1
92,22,1
92,23,1
92,24,1
93,1,1
93,2,1
93,3,1
93,4,1
93,5,1
93,6,1
93,7,1
93,8,1
93,9,1
93,10,1
93,11,1
93,12,1
93,13,1
93,14,1
93,15,1
93,16,1
93,17,1
93,18,1
93,19,1
93,20,1
93,21,1
93,22,1
93,23,1
93,24,1
94,1,1
94,2,1
94,3,1
94,4,1
94,5,1
94,6,1
94,7,1
94,8,1
94,9,1
94,10,1
94,11,1
94,12,1
94,13,1
94,14,1
94,15,1
94,16,1
94,17,1
94,18,1
94,19,1
94,20,1
94,21,1
94,22,1
94,23,1
94,24,1
95,1,0
95,2,0
95,3,0
95,4,0
95,5,0
95,6,1
95,7,1
95,8,1
95,9,1
95,10,1
95,11,1
95,12,1
95,13,1
95,14,1
95,15,1
95,16,1
95,17,1
95,18,1
95,19,0
95,20,0
95,21,0
95,22,0
95,23,0
95,24,0
96,1,0
96,2,0
96,3,0
96,4,0
96,5,0
96,6,1
96,7,1
96,8,1
96,9,1
96,10,1
96,11,1
96,12,1
96,13,1
96,14,1
96,15,1
96,16,1
96,17,1
96,18,1
96,19,0
96,20,0
96,21,0
96,22,0
96,23,0
96,24,0
97,1,0
97,2,0
97,3,0
97,4,0
97,5,0
97,6,1
97,7,1
97,8,1
97,9,1
97,10,1
97,11,1
97,12,1
97,13,1
97,14,1
97,15,1
97,16,1
97,17,1
97,18,1
97,19,0
97,20,0
97,21,0
97,22,0
97,23,0
97,24,0
98,1,0
98,2,0
98,3,0
98,4,0
98,5,0
98,6,1
98,7,1
98,8,1
98,9,1
98,10,1
98,11,1
98,12,1
98,13,1
98,14,1
98,15,1
98,16,1
98,17,1
98,18,1
98,19,0
98,20,0
98,21,0
98,22,0
98,23,0
98,24,0
99,1,0
99,2,0
99,3,0
99,4,0
99,5,0
99,6,1
99,7,1
99,8,1
99,9,1
99,10,1
99,11,1
99,12,1
99,13,1
99,14,1
99,15,1
99,16,1
99,17,1
99,18,1
99,19,0
99,20,0
99,21,0
99,22,0
99,23,0
99,24,0
100,1,0
100,2,0
100,3,0
100,4,0
100,5,0
100,6,1
100,7,1
100,8,1
100,9,1
100,10,1
100,11,1
100,12,1
100,13,1
100,14,1
100,15,1
100,16,1
100,17,1
100,18,1
100,19,0
100,20,0
100,21,0
100,22,0
100,23,0
100,24,0
101,1,0
101,2,0
101,3,0
101,4,0
101,5,0
101,6,1
101,7,1
101,8,1
101,9,1
101,10,1
101,11,1
101,12,1
101,13,1
101,14,1
101,15,1
101,16,1
101,17,1
101,18,1
101,19,0
101,20,0
101,21,0
101,22,0
101,23,0
101,24,0
102,1,0
102,2,0
102,3,0
102,4,0
102,5,0
102,6,1
102,7,1
102,8,1
102,9,1
102,10,1
102,11,1
102,12,1
102,13,1
102,14,1
102,15,1
102,16,1
102,17,1
102,18,1
102,19,0
102,20,0
102,21,0
102,22,0
102,23,0
102,24,0
103,1,0
103,2,0
103,3,0
103,4,0
103,5,0
103,6,1
103,7,1
103,8,1
103,9,1
103,10,1
103,11,1
103,12,1
103,13,1
103,14,1
103,15,1
103,16,1
103,17,1
103,18,1
103,19,0
103,20,0
103,21,0
103,22,0
103,23,0
103,24,0
104,1,0
104,2,0
104,3,0
104,4,0
104,5,0
104,6,1
104,7,1
104,8,1
104,9,1
104,10,1
104,11,1
104,12,1
104,13,1
104,14,1
104,15,1
104,16,1
104,17,1
104,18,1
104,19,0
104,20,0
104,21,0
104,22,0
104,23,0
104,24,0
105,1,0
105,2,0
105,3,0
105,4,0
105,5,0
105,6,1
105,7,1
105,8,1
105,9,1
105,10,1
105,11,1
105,12,1
105,13,1
105,14,1
105,15,1
105,16,1
105,17,1
105,18,1
105,19,0
105,20,0
105,21,0
105,22,0
105,23,0
105,24,0
106,1,0
106,2,0
106,3,0
106,4,0
106,5,0
106,6,1
106,7,1
106,8,1
106,9,1
106,10,1
106,11,1
106,12,1
106,13,1
106,14,1
106,15,1
106,16,1
106,17,1
106,18,1
106,19,0
106,20,0
106,21,0
106,22,0
106,23,0
106,24,0
107,1,0
107,2,0
107,3,0
107,4,0
107,5,0
107,6,1
107,7,1
107,8,1
107,9,1
107,10,1
107,11,1
107,12,1
107,13,1
107,14,1
107,15,1
107,16,1
107,17,1
107,18,1
107,19,0
107,20,0
107,21,0
107,22,0
107,23,0
107,24,0
108,1,0
108,2,0
108,3,0
108,4,0
108,5,0
108,6,1
108,7,1
108,8,1
108,9,1
108,10,1
108,11,1
108,12,1
108,13,1
108,14,1
108,15,1
108,16,1
108,17,1
108,18,1
108,19,0
108,20,0
108,21,0
108,22,0
108,23,0
108,24,0
109,1,0
109,2,0
109,3,0
109,4,0
109,5,0
109,6,1
109,7,1
109,8,1
109,9,1
109,10,1
109,11,1
109,12,1
109,13,1
109,14,1
109,15,1
109,16,1
109,17,1
109,18,1
109,19,0
109,20,0
109,21,0
109,22,0
109,23,0
109,24,0
110,1,0
110,2,0
110,3,0
110,4,0
110,5,0
110,6,1
110,7,1
110,8,1
110,9,1
110,10,1
110,11,1
110,12,1
110,13,1
110,14,1
110,15,1
110,16,1
110,17,1
110,18,1
110,19,0
110,20,0
110,21,0
110,22,0
110,23,0
110,24,0
111,1,0
111,2,0
111,3,0
111,4,0
111,5,0
111,6,1
111,7,1
111,8,1
111,9,1
111,10,1
111,11,1
111,12,1
111,13,1
111,14,1
111,15,1
111,16,1
111,17,1
111,18,1
111,19,0
111,20,0
111,21,0
111,22,0
111,23,0
111,24,0
112,1,0
112,2,0
112,3,0
112,4,0
112,5,0
112,6,1
112,7,1
112,8,1
112,9,1
112,10,1
112,11,1
112,12,1
112,13,1
112,14,1
112,15,1
112,16,1
112,17,1
112,18,1
112,19,0
112,20,0
112,21,0
112,22,0
112,23,0
112,24,0
113,1,0
113,2,0
113,3,0
113,4,0
113,5,0
113,6,1
113,7,1
113,8,1
113,9,1
113,10,1
113,11,1
113,12,1
113,13,1
113,14,1
113,15,1
113,16,1
113,17,1
113,18,1
113,19,0
113,20,0
113,21,0
113,22,0
113,23,0
113,24,0
114,1,0
114,2,0
114,3,0
114,4,0
114,5,0
114,6,1
114,7,1
114,8,1
114,9,1
114,10,1
114,11,1
114,12,1
114,13,1
114,14,1
114,15,1
114,16,1
114,17,1
114,18,1
114,19,0
114,20,0
114,21,0
114,22,0
114,23,0
114,24,0
